Name,Email,Company Name,Job Title,Message from Lead
Sarah Johnson,sarah.johnson@brighttech.io,BrightTech,VP of Operations,We are looking for automation tools to streamline our internal workflows. Our team spends too much time on repetitive tasks.
Michael Chen,m.chen@scalehq.com,ScaleHQ,CEO,Interested in AI solutions for customer support automation. We have a growing team and need scalable tools.
Emily Rodriguez,emily.r@novapayments.com,NovaPay,Head of Finance,We need better reporting and analytics for our payment processing system. Currently using spreadsheets.
David Kim,dkim@retailpro.net,RetailPro,Marketing Manager,Looking for a CRM system that integrates with our existing tools. We have 50k customers and need better segmentation.
Jessica Patel,j.patel@healthfirst.org,HealthFirst,IT Director,We are evaluating enterprise software solutions for patient management. Compliance is critical for us.
Robert Williams,rwilliams@buildsmart.co,BuildSmart,Project Manager,Need project management software that works offline and syncs when connected. Our teams work on construction sites.
Amanda Lee,amanda.lee@educloud.net,EduCloud,Product Manager,Looking to integrate AI tutoring features into our e-learning platform. We serve 200k students.
Thomas Brown,t.brown@logixfreight.com,LogixFreight,Operations Director,Interested in route optimization and fleet tracking software. We manage a fleet of 300 trucks.
Natalie Scott,nscott@greenleafco.com,GreenLeaf Co,Sustainability Manager,We want to track our carbon footprint and ESG metrics automatically. Looking for reporting tools.
Chris Martinez,c.martinez@fintechrise.io,FintechRise,CTO,We are building a lending platform and need fraud detection and risk scoring capabilities.
Olivia Thompson,o.thompson@designstudio.com,DesignStudio,Creative Director,Looking for a project collaboration tool for our design team. We work with many freelancers.
Daniel Harris,d.harris@cloudops.tech,CloudOps,DevOps Engineer,We need monitoring and alerting tools for our Kubernetes clusters. Cost optimization is also important.
Sophia White,sophia@legaledge.law,LegalEdge,Managing Partner,We are a law firm looking to automate document review and contract analysis using AI.
James Wilson,j.wilson@mediahub.com,MediaHub,Digital Strategist,Interested in social media analytics and automated content scheduling tools.
Isabella Clark,i.clark@meditech.health,MediTech,CEO,We develop medical devices and need regulatory compliance tracking and documentation tools.
Ethan Lewis,ethan.l@startupboost.io,StartupBoost,Founder,Very early stage startup. Just exploring options for CRM. Budget is very limited for now.
Mia Walker,mia.walker@globalretail.com,GlobalRetail,Supply Chain Manager,We need end-to-end supply chain visibility and inventory forecasting for our retail network.
Noah Hall,n.hall@tinyshop.com,TinyShop,Owner,Small business owner looking for a simple invoicing tool. Just need basic features nothing fancy.
Ava Young,ava.young@cybersecure.net,CyberSecure,CISO,We are looking for advanced threat detection and incident response automation. Enterprise-level security is a must.
Liam Turner,l.turner@proptech.io,PropTech Ventures,Head of Product,We are developing a real estate platform and need AI-powered property valuation and recommendation features.
Grace Adams,g.adams@pharmanova.com,PharmaNova,R&D Director,Looking for laboratory data management and research collaboration tools for our pharmaceutical research team.
Benjamin Nelson,b.nelson@autoworks.com,AutoWorks,IT Manager,We need a helpdesk and IT asset management solution for our 500-employee manufacturing company.
Chloe Mitchell,c.mitchell@fashionforward.com,FashionForward,E-commerce Director,Interested in personalization engines and AI-powered product recommendations for our online store.
Alexander Perez,a.perez@greenpower.energy,GreenPower,Business Development,We are an energy company exploring AI solutions for predictive maintenance of solar panels and wind turbines.
Zoe Campbell,z.campbell@freelancedev.com,Freelance,Developer,I am a freelancer just browsing your website. Not really looking for anything specific right now.
